[
{
  "model": "articles.hashtag",
  "pk": 1,
  "fields": {
    "hashtag": "\uac10\uc131"
  }
},
{
  "model": "articles.hashtag",
  "pk": 2,
  "fields": {
    "hashtag": "\ubc25\ubc25"
  }
},
{
  "model": "articles.hashtag",
  "pk": 3,
  "fields": {
    "hashtag": "\ub3fc\uc9c0"
  }
},
{
  "model": "articles.hashtag",
  "pk": 4,
  "fields": {
    "hashtag": "\ud64d\uc8fc"
  }
},
{
  "model": "articles.hashtag",
  "pk": 5,
  "fields": {
    "hashtag": "\uae40\uce58\uc804"
  }
},
{
  "model": "articles.hashtag",
  "pk": 6,
  "fields": {
    "hashtag": "\ubdf0"
  }
},
{
  "model": "articles.hashtag",
  "pk": 7,
  "fields": {
    "hashtag": "\ubc30\uace0\ud30c"
  }
},
{
  "model": "articles.hashtag",
  "pk": 8,
  "fields": {
    "hashtag": "\uace0\uad6c\ub9c8"
  }
},
{
  "model": "articles.hashtag",
  "pk": 9,
  "fields": {
    "hashtag": "\uaddc\ud64d\ub2d8"
  }
},
{
  "model": "articles.hashtag",
  "pk": 10,
  "fields": {
    "hashtag": "\ubc14\ubcf4"
  }
},
{
  "model": "articles.hashtag",
  "pk": 11,
  "fields": {
    "hashtag": "\ubd80\uce68\uac1c"
  }
},
{
  "model": "articles.hashtag",
  "pk": 12,
  "fields": {
    "hashtag": "\uc9c0\uae08 02\uc2dc"
  }
},
{
  "model": "articles.hashtag",
  "pk": 13,
  "fields": {
    "hashtag": "3\ub144"
  }
},
{
  "model": "articles.hashtag",
  "pk": 14,
  "fields": {
    "hashtag": "\uadf8\ub140"
  }
},
{
  "model": "articles.hashtag",
  "pk": 15,
  "fields": {
    "hashtag": "\uccab\uc0ac\ub791"
  }
},
{
  "model": "articles.hashtag",
  "pk": 16,
  "fields": {
    "hashtag": "\ub7ec\uc2dc\uc544"
  }
},
{
  "model": "articles.hashtag",
  "pk": 17,
  "fields": {
    "hashtag": "\uac31\ub2e8"
  }
},
{
  "model": "articles.hashtag",
  "pk": 18,
  "fields": {
    "hashtag": "\ud604\uc96c"
  }
},
{
  "model": "articles.hashtag",
  "pk": 19,
  "fields": {
    "hashtag": "\ub0b4\ub3d9\uc0cc"
  }
},
{
  "model": "articles.hashtag",
  "pk": 20,
  "fields": {
    "hashtag": "\ub9ac\uc5bc\ud3ec\uc2a4"
  }
},
{
  "model": "articles.hashtag",
  "pk": 21,
  "fields": {
    "hashtag": "\ub098"
  }
},
{
  "model": "articles.hashtag",
  "pk": 22,
  "fields": {
    "hashtag": "\ub784\uae4c"
  }
},
{
  "model": "articles.hashtag",
  "pk": 23,
  "fields": {
    "hashtag": "\uc7a5\uc544\ucc0c"
  }
},
{
  "model": "articles.hashtag",
  "pk": 24,
  "fields": {
    "hashtag": "\uc774\ucc0c"
  }
},
{
  "model": "articles.hashtag",
  "pk": 25,
  "fields": {
    "hashtag": "\ubd88\uc9ec\ubf55\ub3c8\uac00\uc2a4"
  }
},
{
  "model": "articles.hashtag",
  "pk": 26,
  "fields": {
    "hashtag": "\ub538\uae30"
  }
},
{
  "model": "articles.hashtag",
  "pk": 27,
  "fields": {
    "hashtag": "\uace0\uad6c\ub9c8\ud83c\udf60\ud83c\udf60\ud83c\udf60"
  }
},
{
  "model": "articles.hashtag",
  "pk": 28,
  "fields": {
    "hashtag": "1"
  }
},
{
  "model": "articles.hashtag",
  "pk": 29,
  "fields": {
    "hashtag": "2"
  }
},
{
  "model": "articles.hashtag",
  "pk": 30,
  "fields": {
    "hashtag": "3"
  }
},
{
  "model": "articles.hashtag",
  "pk": 31,
  "fields": {
    "hashtag": "\u3141\u3134\u3147\u3139"
  }
},
{
  "model": "articles.hashtag",
  "pk": 32,
  "fields": {
    "hashtag": "\u3141\u3134\u3147\u313b\u3134\u3147\u313b\u3134\u3147"
  }
},
{
  "model": "articles.hashtag",
  "pk": 33,
  "fields": {
    "hashtag": "\u3141\u3134\u3147"
  }
},
{
  "model": "articles.hashtag",
  "pk": 34,
  "fields": {
    "hashtag": "\u3141\u3134\u3147\u313b\u3134\u3147"
  }
},
{
  "model": "articles.hashtag",
  "pk": 35,
  "fields": {
    "hashtag": "\ud751\uc5fc\ub8e1\uc774"
  }
},
{
  "model": "articles.hashtag",
  "pk": 36,
  "fields": {
    "hashtag": "\ub118\ucde8"
  }
},
{
  "model": "articles.hashtag",
  "pk": 37,
  "fields": {
    "hashtag": "\uaf43"
  }
},
{
  "model": "articles.hashtag",
  "pk": 38,
  "fields": {
    "hashtag": "\uac2c\uc131"
  }
},
{
  "model": "articles.hashtag",
  "pk": 39,
  "fields": {
    "hashtag": "\ub028\ub8e8\ub8fd"
  }
},
{
  "model": "articles.hashtag",
  "pk": 40,
  "fields": {
    "hashtag": "\ud83e\udd70"
  }
},
{
  "model": "articles.hashtag",
  "pk": 41,
  "fields": {
    "hashtag": "\uadc0\uc5fd\uc790\ub108"
  }
},
{
  "model": "articles.hashtag",
  "pk": 42,
  "fields": {
    "hashtag": " \ub3c4\ub85c\ub871"
  }
},
{
  "model": "articles.hashtag",
  "pk": 43,
  "fields": {
    "hashtag": " \ub9e8\ub3c4\ub871"
  }
},
{
  "model": "articles.hashtag",
  "pk": 44,
  "fields": {
    "hashtag": "\uc218\uc815"
  }
},
{
  "model": "articles.hashtag",
  "pk": 45,
  "fields": {
    "hashtag": "\ubcf4"
  }
},
{
  "model": "articles.article",
  "pk": 8,
  "fields": {
    "article": "\u3134\u3134",
    "created_at": "2020-02-12T13:55:07.430",
    "updated_at": "2020-02-12T15:25:41.572",
    "author": 2,
    "image": "articles/images/IMG_1858_KsUBUhB.jpg",
    "like_users": [
      2
    ],
    "hashtags": [
      1
    ]
  }
},
{
  "model": "articles.article",
  "pk": 9,
  "fields": {
    "article": "\ubbf8\uc57c\uc639",
    "created_at": "2020-02-12T13:55:15.799",
    "updated_at": "2020-02-12T15:26:01.660",
    "author": 2,
    "image": "articles/images/2_aJMDIR5.jpg",
    "like_users": [
      2
    ],
    "hashtags": [
      1
    ]
  }
},
{
  "model": "articles.article",
  "pk": 10,
  "fields": {
    "article": "\uc54a\uc774 \uadf8\uac8c\uc544\ub2c8\ub77c..",
    "created_at": "2020-02-12T13:55:58.757",
    "updated_at": "2020-02-13T14:21:06.817",
    "author": 2,
    "image": "articles/images/popo.jpg",
    "like_users": [
      2
    ],
    "hashtags": [
      1,
      42,
      43
    ]
  }
},
{
  "model": "articles.article",
  "pk": 11,
  "fields": {
    "article": "\uc5ec\ub7ec\ubd84\uc758 \uc601\uc6d0\ud55c \uce5c\uad6c \ud3ec\ud3ec\uace0\uc591\uc774 !!!! 22",
    "created_at": "2020-02-12T13:56:23.850",
    "updated_at": "2020-02-12T14:40:44.758",
    "author": 2,
    "image": "articles/images/1.jpg",
    "like_users": [
      2
    ],
    "hashtags": [
      1
    ]
  }
},
{
  "model": "articles.article",
  "pk": 12,
  "fields": {
    "article": "\ub098\uc5d0\uac8c \ub0a8\uc740\uc0ac\uc9c4\uc774 \uc774\uc81c \uc5bc\ub9c8\uc5c6\uc5b4",
    "created_at": "2020-02-12T13:56:38.662",
    "updated_at": "2020-02-12T15:07:59.531",
    "author": 2,
    "image": "articles/images/1bone.jpg",
    "like_users": [
      2
    ],
    "hashtags": [
      1,
      8,
      9,
      10
    ]
  }
},
{
  "model": "articles.article",
  "pk": 13,
  "fields": {
    "article": "\uc624\ub298 \uc57c\uc790\ud574\uc57c\ud558\ub098 .... \ud560\uc77c\uc744\ubd10\uc120 \ud574\uc57c\ud558\ub294\ub370 ... \ud558\uae30\uc2dc\ub984 \ube44\ub3c4\uc624\uace0 \ubd80\uce68\uac1c\ud574\uc918",
    "created_at": "2020-02-12T13:57:16.443",
    "updated_at": "2020-02-12T14:40:09.337",
    "author": 2,
    "image": "articles/images/ee96132a41b17307ad37468d342a61ee.jpg",
    "like_users": [
      2
    ],
    "hashtags": [
      1,
      8,
      10,
      11,
      12
    ]
  }
},
{
  "model": "articles.article",
  "pk": 14,
  "fields": {
    "article": "\uc81c\uac00 \ub7ec\uc2dc\uc544 \uac31\ub2e8\uc5d0 \uc788\uc5c8\uc744 \ub54c \uc77c\uc785\ub2c8\ub2e4. \ubc14\uc57c\ud750\ub85c 3\ub144 \uc804\uc774\ub77c\uace0 \ud560 \uc218 \uc788\uc8e0.(3 years ago) \ud55c\uac00\ub86d\uac8c Starbucks\uc758 terrace\uc5d0 \uc549\uc544 \uc544\uc787\uc11c \uc544\uba54\ub9ac\ucee4\ub108\ub97c \uba39\ub294 \ub3c4\uc911,  \uc6b4\uba85\uc758 \uc0c1\ub300\ub97c \ub9cc\ub098\uac8c \ub418\uc5c8\ub2e4\ub7ac\uc8e0 ,, \ud06c\ud760 \uc81c\uac00 \ube44\ub85d \uc9c1\uc5c5\uc740 Gang\uc774\uc5c8\uc9c0\ub9cc \ub9c8\uc74c\ub9cc\uc740 \uc9c4\uc2ec\uc774\uc5c8\uc2b5\ub2c8\ub2e4. \ub2e4\uc2dc \uc0dd\uac01\ud574\ubcf4\ub2c8 \uc2ec\uc7a5\uc774 \ub450\uadfc\ub300\ub124\uc694 \u314b",
    "created_at": "2020-02-12T13:59:58.872",
    "updated_at": "2020-02-12T15:38:03.126",
    "author": 2,
    "image": "articles/images/IMG_4375_OIn9WQj.jpg",
    "like_users": [
      2
    ],
    "hashtags": [
      1,
      13,
      14,
      15,
      16,
      17
    ]
  }
},
{
  "model": "articles.article",
  "pk": 15,
  "fields": {
    "article": "\ud55c\uc2ec\ud558\uad70",
    "created_at": "2020-02-12T15:29:28.501",
    "updated_at": "2020-02-12T15:51:00.990",
    "author": 5,
    "image": "articles/images/9.jpg",
    "like_users": [
      2,
      3
    ],
    "hashtags": [
      1
    ]
  }
},
{
  "model": "articles.article",
  "pk": 17,
  "fields": {
    "article": "\uc544\uc774\ud3f0 \uc548\ub418\uaca0\ub124",
    "created_at": "2020-02-12T15:30:06.120",
    "updated_at": "2020-02-12T15:50:58.955",
    "author": 5,
    "image": "articles/images/15814889899693286228056187547897.jpg",
    "like_users": [
      2,
      3
    ],
    "hashtags": [
      1
    ]
  }
},
{
  "model": "articles.article",
  "pk": 18,
  "fields": {
    "article": "\ubc25\uba39\uc73c\uba74\uc11c \ubaa8\uae30\uace0\ubb38\uc601\uc0c1\ubcf4\ub294 \ub0b4\ub3d9\uc0cc \ud604\uc96c",
    "created_at": "2020-02-12T15:32:04.452",
    "updated_at": "2020-02-12T15:37:37.095",
    "author": 2,
    "image": "articles/images/76274392-1BFE-4BF0-9E22-79413DC9D5CF.jpeg",
    "like_users": [
      2,
      5
    ],
    "hashtags": [
      1,
      18,
      19
    ]
  }
},
{
  "model": "articles.article",
  "pk": 31,
  "fields": {
    "article": "\ud3ec\uc2a4\ud2b8 \ub9d0\ub860 \ub178\ub798 \uac81\ub098\uc88b\ub124...\r\ncircles \ucd94\ucc9c \ub028\uc6b1",
    "created_at": "2020-02-12T15:38:14.081",
    "updated_at": "2020-02-12T16:44:56.773",
    "author": 3,
    "image": "articles/images/\uace0\uc591\uc774.jpg",
    "like_users": [
      2,
      3,
      4,
      5,
      6
    ],
    "hashtags": [
      1,
      3,
      4
    ]
  }
},
{
  "model": "articles.article",
  "pk": 33,
  "fields": {
    "article": "\uadf8\ub9cc-\ud574. . .\n\ub354\uc774\uc0c1 \ub0b4\ubab8 \uc548\uc5d0 \ud751\uc5fc\ub8e1\uc774 \ub0a0 \uad34\ub86d\ud788\uac8c \ud558\uc9c0 \ub9c8 .",
    "created_at": "2020-02-12T15:38:24.547",
    "updated_at": "2020-02-12T15:38:24.570",
    "author": 2,
    "image": "articles/images/\ub2e4\uc6b4\ub85c\ub4dc_tbnTtR3.jpg",
    "like_users": [
      2,
      4
    ],
    "hashtags": [
      1,
      6,
      7
    ]
  }
},
{
  "model": "articles.article",
  "pk": 34,
  "fields": {
    "article": "\uc624\ub298\uc740 \uc548\ub300\ub290\uac8c \ucc38 \ub9ce\uc740 ,, \ub0a0\uc774\uc5ec ,,, \uc26c\uc774\ud384 @@,,,\r\n\uc57c-\uc774 \ubdf0 \uc7a1-\ub118\ub4e4\uc544 .. ! \uc815\uc2e0 \ucc28\ub824\ub78f !-\u2606",
    "created_at": "2020-02-12T15:38:34.473",
    "updated_at": "2020-02-12T16:45:05.363",
    "author": 2,
    "image": "articles/images/images_CJmU6oO.jpg",
    "like_users": [
      2,
      3,
      4,
      6
    ],
    "hashtags": [
      1,
      6,
      7
    ]
  }
},
{
  "model": "articles.article",
  "pk": 36,
  "fields": {
    "article": "\ub098\ub294 \uac00\ub054 \ub208\ubb3c\uc744 \ud758\ub9b0\ub2e4....",
    "created_at": "2020-02-12T15:38:58.705",
    "updated_at": "2020-02-12T15:38:58.760",
    "author": 1,
    "image": "articles/images/\ub108\uad74\ub9e8.jpg",
    "like_users": [
      2,
      3,
      4,
      6
    ],
    "hashtags": [
      1
    ]
  }
},
{
  "model": "articles.article",
  "pk": 37,
  "fields": {
    "article": "\ub9ac\uc5bc\ud3ec\uc2a4\ub85c \ub098\ub294 \ucf54\ub529\uc744 \ud55c\ub2e4...\ub784\uae4c...?",
    "created_at": "2020-02-12T15:40:02.433",
    "updated_at": "2020-02-12T15:40:27.028",
    "author": 2,
    "image": "articles/images/image_GdTRvJT.jpg",
    "like_users": [
      2
    ],
    "hashtags": [
      1,
      20,
      21,
      22
    ]
  }
},
{
  "model": "articles.article",
  "pk": 38,
  "fields": {
    "article": "\uc774\ucc0c \uc774\ucc0c \uc7a5\uc544\ucc0c ~~~\ud83e\udd3d\ud83c\udffb\u200d\u2642\ufe0f\ud83e\udd3d\ud83c\udffb\u200d\u2642\ufe0f\ud83e\udd3d\ud83c\udffb\u200d\u2642\ufe0f\ud83e\udd3d\ud83c\udffb\u200d\u2642\ufe0f",
    "created_at": "2020-02-12T15:41:47.429",
    "updated_at": "2020-02-12T16:45:11.504",
    "author": 2,
    "image": "articles/images/image_VdCjvqq.jpg",
    "like_users": [
      1,
      2,
      3,
      4,
      5,
      6
    ],
    "hashtags": [
      1,
      23,
      24
    ]
  }
},
{
  "model": "articles.article",
  "pk": 39,
  "fields": {
    "article": "\ubd88\uc9ec\ubf55\ub3c8\uac00\uc2a4!!",
    "created_at": "2020-02-12T15:42:12.826",
    "updated_at": "2020-02-12T15:50:56.366",
    "author": 5,
    "image": "articles/images/3861.jpg",
    "like_users": [
      3
    ],
    "hashtags": [
      1,
      25
    ]
  }
},
{
  "model": "articles.article",
  "pk": 40,
  "fields": {
    "article": "\ubaa8\uc798\ub77c",
    "created_at": "2020-02-12T15:43:49.002",
    "updated_at": "2020-02-12T15:50:53.210",
    "author": 5,
    "image": "articles/images/10.jpg",
    "like_users": [
      3
    ],
    "hashtags": [
      1
    ]
  }
},
{
  "model": "articles.article",
  "pk": 41,
  "fields": {
    "article": "\ub538\uae30 \ud83c\udf53\ud83c\udf53\ud83c\udf53 \uc640 \uace0\uad6c\ub9c8\ud83c\udf60\ud83c\udf60\ud83c\udf60",
    "created_at": "2020-02-12T15:44:09.797",
    "updated_at": "2020-02-12T15:44:09.797",
    "author": 2,
    "image": "articles/images/image_0BESDnM.jpg",
    "like_users": [],
    "hashtags": [
      1,
      26,
      27
    ]
  }
},
{
  "model": "articles.article",
  "pk": 42,
  "fields": {
    "article": "\ub098\ub294 \uc544\uc9c1\ub3c4 \ubc30\uace0\ud504\ub2e4...",
    "created_at": "2020-02-12T15:49:05.918",
    "updated_at": "2020-02-12T16:44:14.460",
    "author": 4,
    "image": "articles/images/\ubc0d\ud06c.jpg",
    "like_users": [
      1,
      2,
      3,
      4,
      5,
      6
    ],
    "hashtags": []
  }
},
{
  "model": "articles.article",
  "pk": 43,
  "fields": {
    "article": "\ub098\ub294 \uac00\ub054 \uad6d\ubb3c\uc744 \ud758\ub9b0\ub2e4...",
    "created_at": "2020-02-12T15:51:36.605",
    "updated_at": "2020-02-12T15:51:36.605",
    "author": 5,
    "image": "articles/images/\ud638\ub791\uc774\uba54\ub871.jpg",
    "like_users": [],
    "hashtags": []
  }
},
{
  "model": "articles.article",
  "pk": 44,
  "fields": {
    "article": "\ud79d ...",
    "created_at": "2020-02-12T16:55:13.482",
    "updated_at": "2020-02-12T16:55:13.482",
    "author": 3,
    "image": "articles/images/maxresdefault_goayiZS.jpg",
    "like_users": [],
    "hashtags": [
      1
    ]
  }
},
{
  "model": "articles.article",
  "pk": 45,
  "fields": {
    "article": "\uc2dc\ubc84\ub7f4 \u3160\u3160",
    "created_at": "2020-02-12T17:15:53.055",
    "updated_at": "2020-02-12T17:15:53.055",
    "author": 3,
    "image": "articles/images/KakaoTalk_20200107_090429626_01.jpg",
    "like_users": [],
    "hashtags": [
      1
    ]
  }
},
{
  "model": "articles.article",
  "pk": 46,
  "fields": {
    "article": "\u3153\u3155\u3151\u3157\u3151\u3151",
    "created_at": "2020-02-12T17:16:31.915",
    "updated_at": "2020-02-12T17:16:31.915",
    "author": 3,
    "image": "articles/images/IMG_4375_SinMstO.jpg",
    "like_users": [],
    "hashtags": [
      28,
      29,
      30
    ]
  }
},
{
  "model": "articles.article",
  "pk": 47,
  "fields": {
    "article": "\u3141\u3134\u3147\u313b\u3134\u3147\u3139",
    "created_at": "2020-02-12T17:18:15.694",
    "updated_at": "2020-02-12T17:18:15.694",
    "author": 3,
    "image": "articles/images/popo_lhG692P.jpg",
    "like_users": [],
    "hashtags": [
      1
    ]
  }
},
{
  "model": "articles.article",
  "pk": 48,
  "fields": {
    "article": "\ube44\uc6cc\uc918",
    "created_at": "2020-02-12T17:19:16.318",
    "updated_at": "2020-02-12T17:19:16.318",
    "author": 3,
    "image": "articles/images/popo_wgACH1u.jpg",
    "like_users": [],
    "hashtags": [
      1,
      31
    ]
  }
},
{
  "model": "articles.article",
  "pk": 49,
  "fields": {
    "article": "\u3141\u3134\u3147\u313b\u3134\u3147\u313b\u3134\u3147",
    "created_at": "2020-02-12T17:23:23.707",
    "updated_at": "2020-02-12T17:23:23.707",
    "author": 3,
    "image": "articles/images/popo_yb6DusU.jpg",
    "like_users": [],
    "hashtags": [
      1,
      32,
      33
    ]
  }
},
{
  "model": "articles.article",
  "pk": 50,
  "fields": {
    "article": "\u3141\u3134\u3147\u313b\u3134\u3147",
    "created_at": "2020-02-12T17:24:31.835",
    "updated_at": "2020-02-12T17:24:31.835",
    "author": 3,
    "image": "articles/images/popo_bWeEqDY.jpg",
    "like_users": [],
    "hashtags": [
      1,
      34
    ]
  }
},
{
  "model": "articles.article",
  "pk": 51,
  "fields": {
    "article": "\ud751\uc5fc\ub8e1\uc774...",
    "created_at": "2020-02-12T17:26:43.041",
    "updated_at": "2020-02-12T17:26:43.041",
    "author": 3,
    "image": "articles/images/maxresdefault_UTwKSRG.jpg",
    "like_users": [],
    "hashtags": [
      1,
      35
    ]
  }
},
{
  "model": "articles.article",
  "pk": 52,
  "fields": {
    "article": "\uc6b0\u314f\uc544\uc544\uc544\uc544\uc544\uc544\uc544\uc544\u314f\uc544\uc544",
    "created_at": "2020-02-12T17:29:52.102",
    "updated_at": "2020-02-12T17:29:52.102",
    "author": 3,
    "image": "articles/images/maxresdefault_tlTejWB.jpg",
    "like_users": [],
    "hashtags": [
      1
    ]
  }
},
{
  "model": "articles.article",
  "pk": 53,
  "fields": {
    "article": "\u3141\u3134\u3147\u313b\u3134",
    "created_at": "2020-02-12T17:31:15.430",
    "updated_at": "2020-02-12T17:31:15.430",
    "author": 3,
    "image": "articles/images/maxresdefault_AKk3wxo.jpg",
    "like_users": [],
    "hashtags": [
      1
    ]
  }
},
{
  "model": "articles.article",
  "pk": 54,
  "fields": {
    "article": "\ub418\ub77c \ucacc..",
    "created_at": "2020-02-12T17:31:56.719",
    "updated_at": "2020-02-12T17:31:56.719",
    "author": 3,
    "image": "articles/images/maxresdefault_SvWTFCs.jpg",
    "like_users": [],
    "hashtags": [
      1
    ]
  }
},
{
  "model": "articles.comment",
  "pk": 3,
  "fields": {
    "article": 14,
    "author": 2,
    "comment": "\ud0a4\ud0a4\ubb49",
    "created_at": "2020-02-12T14:52:31.182",
    "updated_at": "2020-02-12T14:52:31.186"
  }
},
{
  "model": "articles.comment",
  "pk": 8,
  "fields": {
    "article": 14,
    "author": 2,
    "comment": "\ubbf8\uc57c\uc639",
    "created_at": "2020-02-12T15:27:31.725",
    "updated_at": "2020-02-12T15:27:31.729"
  }
},
{
  "model": "articles.comment",
  "pk": 11,
  "fields": {
    "article": 18,
    "author": 5,
    "comment": "\ubaa8\uae30 \uace0\ubb38 \ubc14\ubcf4",
    "created_at": "2020-02-12T15:37:56.293",
    "updated_at": "2020-02-12T15:37:56.297"
  }
},
{
  "model": "articles.comment",
  "pk": 12,
  "fields": {
    "article": 54,
    "author": 2,
    "comment": "\ub9d0\uc774 \uc548\ub3fc\uba74 \uc18c  ~~~!",
    "created_at": "2020-02-13T11:37:37.533",
    "updated_at": "2020-02-13T11:37:37.538"
  }
},
{
  "model": "articles.comment",
  "pk": 13,
  "fields": {
    "article": 54,
    "author": 2,
    "comment": "\u314b\u314b\u314b\u314b\u314b\u314b\u314b\u314b\u314b\u314b\u314b\u314b\u314b\u314b \uae84\ub974\ub974 \uae84\ub974\ub974",
    "created_at": "2020-02-13T11:37:46.223",
    "updated_at": "2020-02-13T11:37:46.228"
  }
},
{
  "model": "articles.comment",
  "pk": 14,
  "fields": {
    "article": 54,
    "author": 2,
    "comment": "\uaddc\ud64d\ub2d8 \ud798 \ub124 \ub77c !",
    "created_at": "2020-02-13T11:37:55.816",
    "updated_at": "2020-02-13T11:37:55.821"
  }
},
{
  "model": "articles.comment",
  "pk": 15,
  "fields": {
    "article": 10,
    "author": 6,
    "comment": "\uadf8\uac8c \uc544\ub2c8\uba74 \ubb54\ub370!?!?!?!?!",
    "created_at": "2020-02-13T12:13:35.192",
    "updated_at": "2020-02-13T12:13:35.192"
  }
},
{
  "model": "articles.honorarticle",
  "pk": 24,
  "fields": {
    "article": "\ube44\uac00\uc624\ub294 \ub0a0\uc5d4 ... \uae40\uce58\uc804\uc5d0 .. \ubb35\uc0ac\ubc1c ... \uadf8\ub9ac\uace0 ... \ub098\ub97c \uc774\ucc9c\uc758 \ud55c\uc801\ud55c \ub17c\uc73c\ub85c \ubcf4\ub0b4\ubc84\ub9ac\ub294 ... \ub9c9\uac78\ub9ac ..",
    "created_at": "2020-02-12T15:55:58.945",
    "updated_at": "2020-02-12T15:55:58.945",
    "author": 2,
    "image": "articles/images/images_1.jpg",
    "hashtags": [
      1,
      5
    ]
  }
}
]
