[{"model": "accounts.notification", "pk": 1, "fields": {"nickname": "test", "is_read": false, "created_at": "2020-02-10T15:38:28.968", "message": "testing\ub2d8\uc774test\ub2d8\uc758 \uae00\uc5d0 \ub313\uae00\uc744 \ub0a8\uacbc\uc2b5\ub2c8\ub2e4.", "send_user": "testing"}}, {"model": "accounts.notification", "pk": 2, "fields": {"nickname": "testing", "is_read": false, "created_at": "2020-02-10T15:48:10.899", "message": "test\ub2d8\uc774 \uc0c8 \uae00\uc744 \uc791\uc131\ud588\uc2b5\ub2c8\ub2e4..", "send_user": "test"}}, {"model": "accounts.notification", "pk": 3, "fields": {"nickname": "test", "is_read": false, "created_at": "2020-02-11T09:38:08.639", "message": "hongjuzzang\ub2d8\uc774test\ub2d8\uc758 \uae00\uc5d0 \ub313\uae00\uc744 \ub0a8\uacbc\uc2b5\ub2c8\ub2e4.", "send_user": "hongjuzzang"}}, {"model": "accounts.notification", "pk": 4, "fields": {"nickname": "test", "is_read": false, "created_at": "2020-02-11T09:43:59.565", "message": "hongjuzzang\ub2d8\uc774test\ub2d8\uc758 \uae00\uc5d0 \ub313\uae00\uc744 \ub0a8\uacbc\uc2b5\ub2c8\ub2e4.", "send_user": "hongjuzzang"}}, {"model": "accounts.notification", "pk": 5, "fields": {"nickname": "test", "is_read": false, "created_at": "2020-02-11T09:45:55.684", "message": "hongjuzzang\ub2d8\uc774test\ub2d8\uc758 \uae00\uc5d0 \ub313\uae00\uc744 \ub0a8\uacbc\uc2b5\ub2c8\ub2e4.", "send_user": "hongjuzzang"}}, {"model": "accounts.notification", "pk": 6, "fields": {"nickname": "test", "is_read": false, "created_at": "2020-02-11T09:47:58.146", "message": "hongjuzzang\ub2d8\uc774test\ub2d8\uc758 \uae00\uc5d0 \ub313\uae00\uc744 \ub0a8\uacbc\uc2b5\ub2c8\ub2e4.", "send_user": "hongjuzzang"}}, {"model": "articles.hashtag", "pk": 1, "fields": {"hashtag": "\uac10"}}, {"model": "articles.hashtag", "pk": 2, "fields": {"hashtag": "\uc131"}}, {"model": "articles.hashtag", "pk": 3, "fields": {"hashtag": ","}}, {"model": "articles.hashtag", "pk": 4, "fields": {"hashtag": "\uc120"}}, {"model": "articles.hashtag", "pk": 5, "fields": {"hashtag": "\ud589"}}, {"model": "articles.hashtag", "pk": 6, "fields": {"hashtag": "\ub2d8"}}, {"model": "articles.hashtag", "pk": 7, "fields": {"hashtag": "\u3147"}}, {"model": "articles.hashtag", "pk": 8, "fields": {"hashtag": "\u3154"}}, {"model": "articles.hashtag", "pk": 9, "fields": {"hashtag": "\uac90"}}, {"model": "articles.hashtag", "pk": 10, "fields": {"hashtag": "\ubc14"}}, {"model": "articles.hashtag", "pk": 11, "fields": {"hashtag": "\ubcf4"}}, {"model": "articles.hashtag", "pk": 12, "fields": {"hashtag": "\ud83d\udc68"}}, {"model": "articles.hashtag", "pk": 13, "fields": {"hashtag": "\u200d"}}, {"model": "articles.hashtag", "pk": 14, "fields": {"hashtag": "\ud83c\udf73"}}, {"model": "articles.hashtag", "pk": 15, "fields": {"hashtag": "\uae30"}}, {"model": "articles.hashtag", "pk": 16, "fields": {"hashtag": "\uc6b4"}}, {"model": "articles.hashtag", "pk": 17, "fields": {"hashtag": "\uc774"}}, {"model": "articles.hashtag", "pk": 18, "fields": {"hashtag": "["}}, {"model": "articles.hashtag", "pk": 19, "fields": {"hashtag": "\uac10\uc131"}}, {"model": "articles.hashtag", "pk": 20, "fields": {"hashtag": "zlzl"}}, {"model": "articles.hashtag", "pk": 21, "fields": {"hashtag": "\ub450\uc720"}}, {"model": "articles.hashtag", "pk": 22, "fields": {"hashtag": "\uc6b0\ub9ac\ud300"}}, {"model": "articles.hashtag", "pk": 23, "fields": {"hashtag": "\ub610\uc789"}}, {"model": "articles.hashtag", "pk": 24, "fields": {"hashtag": "2"}}, {"model": "articles.hashtag", "pk": 25, "fields": {"hashtag": "(Destiny-\u2606)"}}, {"model": "articles.hashtag", "pk": 26, "fields": {"hashtag": "\uc5c9\u3147"}}, {"model": "articles.hashtag", "pk": 27, "fields": {"hashtag": "\uc0ac\uc9c4"}}, {"model": "articles.hashtag", "pk": 28, "fields": {"hashtag": "\ubc84\ud2bc"}}, {"model": "articles.hashtag", "pk": 29, "fields": {"hashtag": "\ud558\uc774\ud558"}}, {"model": "articles.hashtag", "pk": 30, "fields": {"hashtag": "\ubcf4\ucda9"}}, {"model": "articles.hashtag", "pk": 31, "fields": {"hashtag": "\ub098"}}, {"model": "articles.hashtag", "pk": 32, "fields": {"hashtag": "\ub760"}}, {"model": "contenttypes.contenttype", "pk": 1, "fields": {"app_label": "accounts", "model": "notification"}}, {"model": "contenttypes.contenttype", "pk": 2, "fields": {"app_label": "accounts", "model": "pwd_find"}}, {"model": "contenttypes.contenttype", "pk": 3, "fields": {"app_label": "accounts", "model": "waiting"}}, {"model": "contenttypes.contenttype", "pk": 4, "fields": {"app_label": "accounts", "model": "user"}}, {"model": "contenttypes.contenttype", "pk": 5, "fields": {"app_label": "articles", "model": "article"}}, {"model": "contenttypes.contenttype", "pk": 6, "fields": {"app_label": "articles", "model": "hashtag"}}, {"model": "contenttypes.contenttype", "pk": 7, "fields": {"app_label": "articles", "model": "honorarticle"}}, {"model": "contenttypes.contenttype", "pk": 8, "fields": {"app_label": "articles", "model": "meta"}}, {"model": "contenttypes.contenttype", "pk": 9, "fields": {"app_label": "articles", "model": "comment"}}, {"model": "contenttypes.contenttype", "pk": 10, "fields": {"app_label": "authtoken", "model": "token"}}, {"model": "contenttypes.contenttype", "pk": 11, "fields": {"app_label": "admin", "model": "logentry"}}, {"model": "contenttypes.contenttype", "pk": 12, "fields": {"app_label": "auth", "model": "permission"}}, {"model": "contenttypes.contenttype", "pk": 13, "fields": {"app_label": "auth", "model": "group"}}, {"model": "contenttypes.contenttype", "pk": 14, "fields": {"app_label": "contenttypes", "model": "contenttype"}}, {"model": "contenttypes.contenttype", "pk": 15, "fields": {"app_label": "sessions", "model": "session"}}, {"model": "contenttypes.contenttype", "pk": 16, "fields": {"app_label": "sites", "model": "site"}}, {"model": "contenttypes.contenttype", "pk": 17, "fields": {"app_label": "social_django", "model": "association"}}, {"model": "contenttypes.contenttype", "pk": 18, "fields": {"app_label": "social_django", "model": "code"}}, {"model": "contenttypes.contenttype", "pk": 19, "fields": {"app_label": "social_django", "model": "nonce"}}, {"model": "contenttypes.contenttype", "pk": 20, "fields": {"app_label": "social_django", "model": "usersocialauth"}}, {"model": "contenttypes.contenttype", "pk": 21, "fields": {"app_label": "social_django", "model": "partial"}}, {"model": "contenttypes.contenttype", "pk": 22, "fields": {"app_label": "oauth2_provider", "model": "application"}}, {"model": "contenttypes.contenttype", "pk": 23, "fields": {"app_label": "oauth2_provider", "model": "accesstoken"}}, {"model": "contenttypes.contenttype", "pk": 24, "fields": {"app_label": "oauth2_provider", "model": "grant"}}, {"model": "contenttypes.contenttype", "pk": 25, "fields": {"app_label": "oauth2_provider", "model": "refreshtoken"}}, {"model": "sessions.session", "pk": "xmtih6hb4pkdez1w4p3it5e1wz7x7h27", "fields": {"session_data": "MmZhZWU2NDVjZjI2MjAyMTRkNmU2ZTE3M2E2ZWI3OWQyNGM2Y2RiNDp7Il9hdXRoX3VzZXJfaWQiOiIxIiwiX2F1dGhfdXNlcl9iYWNrZW5kIjoiZGphbmdvLmNvbnRyaWIuYXV0aC5iYWNrZW5kcy5Nb2RlbEJhY2tlbmQiLCJfYXV0aF91c2VyX2hhc2giOiI1Y2E1ZmUyM2UwYzhlODNlYjA3ODE2YmYwOTM3ODcyMjIzMWQ1N2MxIn0=", "expire_date": "2020-02-20T11:20:27.107"}}, {"model": "sites.site", "pk": 1, "fields": {"domain": "example.com", "name": "example.com"}}, {"model": "auth.permission", "pk": 1, "fields": {"name": "Can add notification", "content_type": 1, "codename": "add_notification"}}, {"model": "auth.permission", "pk": 2, "fields": {"name": "Can change notification", "content_type": 1, "codename": "change_notification"}}, {"model": "auth.permission", "pk": 3, "fields": {"name": "Can delete notification", "content_type": 1, "codename": "delete_notification"}}, {"model": "auth.permission", "pk": 4, "fields": {"name": "Can view notification", "content_type": 1, "codename": "view_notification"}}, {"model": "auth.permission", "pk": 5, "fields": {"name": "Can add pwd_find", "content_type": 2, "codename": "add_pwd_find"}}, {"model": "auth.permission", "pk": 6, "fields": {"name": "Can change pwd_find", "content_type": 2, "codename": "change_pwd_find"}}, {"model": "auth.permission", "pk": 7, "fields": {"name": "Can delete pwd_find", "content_type": 2, "codename": "delete_pwd_find"}}, {"model": "auth.permission", "pk": 8, "fields": {"name": "Can view pwd_find", "content_type": 2, "codename": "view_pwd_find"}}, {"model": "auth.permission", "pk": 9, "fields": {"name": "Can add waiting", "content_type": 3, "codename": "add_waiting"}}, {"model": "auth.permission", "pk": 10, "fields": {"name": "Can change waiting", "content_type": 3, "codename": "change_waiting"}}, {"model": "auth.permission", "pk": 11, "fields": {"name": "Can delete waiting", "content_type": 3, "codename": "delete_waiting"}}, {"model": "auth.permission", "pk": 12, "fields": {"name": "Can view waiting", "content_type": 3, "codename": "view_waiting"}}, {"model": "auth.permission", "pk": 13, "fields": {"name": "Can add user", "content_type": 4, "codename": "add_user"}}, {"model": "auth.permission", "pk": 14, "fields": {"name": "Can change user", "content_type": 4, "codename": "change_user"}}, {"model": "auth.permission", "pk": 15, "fields": {"name": "Can delete user", "content_type": 4, "codename": "delete_user"}}, {"model": "auth.permission", "pk": 16, "fields": {"name": "Can view user", "content_type": 4, "codename": "view_user"}}, {"model": "auth.permission", "pk": 17, "fields": {"name": "Can add article", "content_type": 5, "codename": "add_article"}}, {"model": "auth.permission", "pk": 18, "fields": {"name": "Can change article", "content_type": 5, "codename": "change_article"}}, {"model": "auth.permission", "pk": 19, "fields": {"name": "Can delete article", "content_type": 5, "codename": "delete_article"}}, {"model": "auth.permission", "pk": 20, "fields": {"name": "Can view article", "content_type": 5, "codename": "view_article"}}, {"model": "auth.permission", "pk": 21, "fields": {"name": "Can add hashtag", "content_type": 6, "codename": "add_hashtag"}}, {"model": "auth.permission", "pk": 22, "fields": {"name": "Can change hashtag", "content_type": 6, "codename": "change_hashtag"}}, {"model": "auth.permission", "pk": 23, "fields": {"name": "Can delete hashtag", "content_type": 6, "codename": "delete_hashtag"}}, {"model": "auth.permission", "pk": 24, "fields": {"name": "Can view hashtag", "content_type": 6, "codename": "view_hashtag"}}, {"model": "auth.permission", "pk": 25, "fields": {"name": "Can add honor article", "content_type": 7, "codename": "add_honorarticle"}}, {"model": "auth.permission", "pk": 26, "fields": {"name": "Can change honor article", "content_type": 7, "codename": "change_honorarticle"}}, {"model": "auth.permission", "pk": 27, "fields": {"name": "Can delete honor article", "content_type": 7, "codename": "delete_honorarticle"}}, {"model": "auth.permission", "pk": 28, "fields": {"name": "Can view honor article", "content_type": 7, "codename": "view_honorarticle"}}, {"model": "auth.permission", "pk": 29, "fields": {"name": "Can add meta", "content_type": 8, "codename": "add_meta"}}, {"model": "auth.permission", "pk": 30, "fields": {"name": "Can change meta", "content_type": 8, "codename": "change_meta"}}, {"model": "auth.permission", "pk": 31, "fields": {"name": "Can delete meta", "content_type": 8, "codename": "delete_meta"}}, {"model": "auth.permission", "pk": 32, "fields": {"name": "Can view meta", "content_type": 8, "codename": "view_meta"}}, {"model": "auth.permission", "pk": 33, "fields": {"name": "Can add comment", "content_type": 9, "codename": "add_comment"}}, {"model": "auth.permission", "pk": 34, "fields": {"name": "Can change comment", "content_type": 9, "codename": "change_comment"}}, {"model": "auth.permission", "pk": 35, "fields": {"name": "Can delete comment", "content_type": 9, "codename": "delete_comment"}}, {"model": "auth.permission", "pk": 36, "fields": {"name": "Can view comment", "content_type": 9, "codename": "view_comment"}}, {"model": "auth.permission", "pk": 37, "fields": {"name": "Can add Token", "content_type": 10, "codename": "add_token"}}, {"model": "auth.permission", "pk": 38, "fields": {"name": "Can change Token", "content_type": 10, "codename": "change_token"}}, {"model": "auth.permission", "pk": 39, "fields": {"name": "Can delete Token", "content_type": 10, "codename": "delete_token"}}, {"model": "auth.permission", "pk": 40, "fields": {"name": "Can view Token", "content_type": 10, "codename": "view_token"}}, {"model": "auth.permission", "pk": 41, "fields": {"name": "Can add log entry", "content_type": 11, "codename": "add_logentry"}}, {"model": "auth.permission", "pk": 42, "fields": {"name": "Can change log entry", "content_type": 11, "codename": "change_logentry"}}, {"model": "auth.permission", "pk": 43, "fields": {"name": "Can delete log entry", "content_type": 11, "codename": "delete_logentry"}}, {"model": "auth.permission", "pk": 44, "fields": {"name": "Can view log entry", "content_type": 11, "codename": "view_logentry"}}, {"model": "auth.permission", "pk": 45, "fields": {"name": "Can add permission", "content_type": 12, "codename": "add_permission"}}, {"model": "auth.permission", "pk": 46, "fields": {"name": "Can change permission", "content_type": 12, "codename": "change_permission"}}, {"model": "auth.permission", "pk": 47, "fields": {"name": "Can delete permission", "content_type": 12, "codename": "delete_permission"}}, {"model": "auth.permission", "pk": 48, "fields": {"name": "Can view permission", "content_type": 12, "codename": "view_permission"}}, {"model": "auth.permission", "pk": 49, "fields": {"name": "Can add group", "content_type": 13, "codename": "add_group"}}, {"model": "auth.permission", "pk": 50, "fields": {"name": "Can change group", "content_type": 13, "codename": "change_group"}}, {"model": "auth.permission", "pk": 51, "fields": {"name": "Can delete group", "content_type": 13, "codename": "delete_group"}}, {"model": "auth.permission", "pk": 52, "fields": {"name": "Can view group", "content_type": 13, "codename": "view_group"}}, {"model": "auth.permission", "pk": 53, "fields": {"name": "Can add content type", "content_type": 14, "codename": "add_contenttype"}}, {"model": "auth.permission", "pk": 54, "fields": {"name": "Can change content type", "content_type": 14, "codename": "change_contenttype"}}, {"model": "auth.permission", "pk": 55, "fields": {"name": "Can delete content type", "content_type": 14, "codename": "delete_contenttype"}}, {"model": "auth.permission", "pk": 56, "fields": {"name": "Can view content type", "content_type": 14, "codename": "view_contenttype"}}, {"model": "auth.permission", "pk": 57, "fields": {"name": "Can add session", "content_type": 15, "codename": "add_session"}}, {"model": "auth.permission", "pk": 58, "fields": {"name": "Can change session", "content_type": 15, "codename": "change_session"}}, {"model": "auth.permission", "pk": 59, "fields": {"name": "Can delete session", "content_type": 15, "codename": "delete_session"}}, {"model": "auth.permission", "pk": 60, "fields": {"name": "Can view session", "content_type": 15, "codename": "view_session"}}, {"model": "auth.permission", "pk": 61, "fields": {"name": "Can add site", "content_type": 16, "codename": "add_site"}}, {"model": "auth.permission", "pk": 62, "fields": {"name": "Can change site", "content_type": 16, "codename": "change_site"}}, {"model": "auth.permission", "pk": 63, "fields": {"name": "Can delete site", "content_type": 16, "codename": "delete_site"}}, {"model": "auth.permission", "pk": 64, "fields": {"name": "Can view site", "content_type": 16, "codename": "view_site"}}, {"model": "auth.permission", "pk": 65, "fields": {"name": "Can add association", "content_type": 17, "codename": "add_association"}}, {"model": "auth.permission", "pk": 66, "fields": {"name": "Can change association", "content_type": 17, "codename": "change_association"}}, {"model": "auth.permission", "pk": 67, "fields": {"name": "Can delete association", "content_type": 17, "codename": "delete_association"}}, {"model": "auth.permission", "pk": 68, "fields": {"name": "Can view association", "content_type": 17, "codename": "view_association"}}, {"model": "auth.permission", "pk": 69, "fields": {"name": "Can add code", "content_type": 18, "codename": "add_code"}}, {"model": "auth.permission", "pk": 70, "fields": {"name": "Can change code", "content_type": 18, "codename": "change_code"}}, {"model": "auth.permission", "pk": 71, "fields": {"name": "Can delete code", "content_type": 18, "codename": "delete_code"}}, {"model": "auth.permission", "pk": 72, "fields": {"name": "Can view code", "content_type": 18, "codename": "view_code"}}, {"model": "auth.permission", "pk": 73, "fields": {"name": "Can add nonce", "content_type": 19, "codename": "add_nonce"}}, {"model": "auth.permission", "pk": 74, "fields": {"name": "Can change nonce", "content_type": 19, "codename": "change_nonce"}}, {"model": "auth.permission", "pk": 75, "fields": {"name": "Can delete nonce", "content_type": 19, "codename": "delete_nonce"}}, {"model": "auth.permission", "pk": 76, "fields": {"name": "Can view nonce", "content_type": 19, "codename": "view_nonce"}}, {"model": "auth.permission", "pk": 77, "fields": {"name": "Can add user social auth", "content_type": 20, "codename": "add_usersocialauth"}}, {"model": "auth.permission", "pk": 78, "fields": {"name": "Can change user social auth", "content_type": 20, "codename": "change_usersocialauth"}}, {"model": "auth.permission", "pk": 79, "fields": {"name": "Can delete user social auth", "content_type": 20, "codename": "delete_usersocialauth"}}, {"model": "auth.permission", "pk": 80, "fields": {"name": "Can view user social auth", "content_type": 20, "codename": "view_usersocialauth"}}, {"model": "auth.permission", "pk": 81, "fields": {"name": "Can add partial", "content_type": 21, "codename": "add_partial"}}, {"model": "auth.permission", "pk": 82, "fields": {"name": "Can change partial", "content_type": 21, "codename": "change_partial"}}, {"model": "auth.permission", "pk": 83, "fields": {"name": "Can delete partial", "content_type": 21, "codename": "delete_partial"}}, {"model": "auth.permission", "pk": 84, "fields": {"name": "Can view partial", "content_type": 21, "codename": "view_partial"}}, {"model": "auth.permission", "pk": 85, "fields": {"name": "Can add application", "content_type": 22, "codename": "add_application"}}, {"model": "auth.permission", "pk": 86, "fields": {"name": "Can change application", "content_type": 22, "codename": "change_application"}}, {"model": "auth.permission", "pk": 87, "fields": {"name": "Can delete application", "content_type": 22, "codename": "delete_application"}}, {"model": "auth.permission", "pk": 88, "fields": {"name": "Can view application", "content_type": 22, "codename": "view_application"}}, {"model": "auth.permission", "pk": 89, "fields": {"name": "Can add access token", "content_type": 23, "codename": "add_accesstoken"}}, {"model": "auth.permission", "pk": 90, "fields": {"name": "Can change access token", "content_type": 23, "codename": "change_accesstoken"}}, {"model": "auth.permission", "pk": 91, "fields": {"name": "Can delete access token", "content_type": 23, "codename": "delete_accesstoken"}}, {"model": "auth.permission", "pk": 92, "fields": {"name": "Can view access token", "content_type": 23, "codename": "view_accesstoken"}}, {"model": "auth.permission", "pk": 93, "fields": {"name": "Can add grant", "content_type": 24, "codename": "add_grant"}}, {"model": "auth.permission", "pk": 94, "fields": {"name": "Can change grant", "content_type": 24, "codename": "change_grant"}}, {"model": "auth.permission", "pk": 95, "fields": {"name": "Can delete grant", "content_type": 24, "codename": "delete_grant"}}, {"model": "auth.permission", "pk": 96, "fields": {"name": "Can view grant", "content_type": 24, "codename": "view_grant"}}, {"model": "auth.permission", "pk": 97, "fields": {"name": "Can add refresh token", "content_type": 25, "codename": "add_refreshtoken"}}, {"model": "auth.permission", "pk": 98, "fields": {"name": "Can change refresh token", "content_type": 25, "codename": "change_refreshtoken"}}, {"model": "auth.permission", "pk": 99, "fields": {"name": "Can delete refresh token", "content_type": 25, "codename": "delete_refreshtoken"}}, {"model": "auth.permission", "pk": 100, "fields": {"name": "Can view refresh token", "content_type": 25, "codename": "view_refreshtoken"}}, {"model": "accounts.user", "pk": 1, "fields": {"password": "pbkdf2_sha256$180000$344LQ9Wo7G9x$BG39l8FOOJEZKoICeXkbWHx/5tzLt6fDhtZlCsGZ494=", "last_login": "2020-02-06T11:20:27", "is_superuser": true, "first_name": "", "last_name": "", "email": "admin@ssafy.com", "is_staff": true, "is_active": true, "date_joined": "2020-02-06T11:17:17", "username": "admin@ssafy.com", "intro": "\u3134r\ub294 \u3131r\ub054 \ub208\ubb3c\uc744 \ud758\ub9b0\u3137r....\u2605", "nickname": "admin", "pic_name": "10", "groups": [], "user_permissions": [], "followers": [2]}}, {"model": "accounts.user", "pk": 2, "fields": {"password": "pbkdf2_sha256$180000$3YvTp77Fkbyz$Bb9WI5vhrBVpMN/ZptAga7wglPqZ2+fY7+I0wVSpn1w=", "last_login": null, "is_superuser": false, "first_name": "", "last_name": "", "email": "", "is_staff": false, "is_active": true, "date_joined": "2020-02-06T11:20:59", "username": "test@ssafy.com", "intro": "\u3134r\ub294 \u3131r\ub054 \ub208\ubb3c\uc744 \ud758\ub9b0\u3137r....\u2605", "nickname": "test", "pic_name": "4", "groups": [], "user_permissions": [], "followers": [3, 4]}}, {"model": "accounts.user", "pk": 3, "fields": {"password": "pbkdf2_sha256$180000$c6TU1Z3R5Anh$lKIKSQbF4ZZ5zg4swCJi4RhcXcdXyiOjhNWtJw+RCpA=", "last_login": null, "is_superuser": false, "first_name": "", "last_name": "", "email": "", "is_staff": false, "is_active": true, "date_joined": "2020-02-06T11:21:18", "username": "testing@ssafy.com", "intro": "\u3134r\ub294 \u3131r\ub054 \ub208\ubb3c\uc744 \ud758\ub9b0\u3137r....\u2605", "nickname": "testing", "pic_name": "6", "groups": [], "user_permissions": [], "followers": [1, 2, 4]}}, {"model": "accounts.user", "pk": 4, "fields": {"password": "pbkdf2_sha256$180000$9orsOZCqLh7S$+fi76Jb1hoRLH6jicBRDPucgkupBYopUs5RZxOyoIv8=", "last_login": null, "is_superuser": false, "first_name": "", "last_name": "", "email": "", "is_staff": false, "is_active": true, "date_joined": "2020-02-11T09:27:31.578", "username": "preterite1@naver.com", "intro": "\u3134r\ub294 \u3131r\ub054 \ub208\ubb3c\uc744 \ud758\ub9b0\u3137r....\u2605", "nickname": "hongjuzzang", "pic_name": "1", "groups": [], "user_permissions": [], "followers": []}}, {"model": "articles.article", "pk": 1, "fields": {"article": "\u314b\u314b\u314b\u314b\u314b", "created_at": "2020-02-06T17:32:10.333", "updated_at": "2020-02-06T17:32:10.333", "author": 2, "image": "", "like_users": [], "hashtags": []}}, {"model": "articles.article", "pk": 2, "fields": {"article": "\ud0c0\uc785\uc774\ubaa8\uc57c", "created_at": "2020-02-06T17:33:14.494", "updated_at": "2020-02-06T17:33:14.494", "author": 2, "image": "", "like_users": [], "hashtags": []}}, {"model": "articles.article", "pk": 3, "fields": {"article": "\ub458 \ub2e4 \ubc14 \ubcf4 \uc57c `-`", "created_at": "2020-02-06T17:34:01.710", "updated_at": "2020-02-06T17:34:01.710", "author": 2, "image": "articles/images/1bone.jpg", "like_users": [], "hashtags": []}}, {"model": "articles.article", "pk": 4, "fields": {"article": "\uc81c\uac00 \ubb50\ubcf4\ub0c8\uac8c\uc694", "created_at": "2020-02-06T17:38:10.025", "updated_at": "2020-02-06T17:38:10.025", "author": 2, "image": "articles/images/popo.jpg", "like_users": [], "hashtags": []}}, {"model": "articles.article", "pk": 5, "fields": {"article": "\uc81c\uac00 \ubb50\ubcf4\ub0c8\uac8c\uc694", "created_at": "2020-02-06T17:38:27.326", "updated_at": "2020-02-06T17:38:27.326", "author": 2, "image": "articles/images/\ud3ec\ud3ec.jpg", "like_users": [], "hashtags": []}}, {"model": "articles.article", "pk": 6, "fields": {"article": "\uc81c\uac00 \ubb50\ubcf4\ub0c8\uac8c\uc694", "created_at": "2020-02-06T17:39:21.429", "updated_at": "2020-02-06T17:39:21.429", "author": 2, "image": "articles/images/1bone_48HxkBG.jpg", "like_users": [], "hashtags": []}}, {"model": "articles.article", "pk": 7, "fields": {"article": "\uaddc\ud64d\ub2d8 \uc624\ub298 \uace0\ub4f1\ud559\uc0dd\uc774\ub77c\ub294\ub514 \uc2e4\ud654\uc778\uac00\uc694? \ub124 \uc2e4\ud654\uc785\ub2c8\ub2e4.", "created_at": "2020-02-07T09:34:03.780", "updated_at": "2020-02-07T09:34:03.780", "author": 2, "image": "articles/images/popo_ngBRHUF.jpg", "like_users": [], "hashtags": []}}, {"model": "articles.article", "pk": 8, "fields": {"article": "\uaddc\ud64d\ub2d8 \uc624\ub298 \uace0\ub4f1\ud559\uc0dd\uc774\ub77c\ub294\ub514 \uc2e4\ud654\uc778\uac00\uc694? \ub124 \uc2e4\ud654\uc785\ub2c8\ub2e4.", "created_at": "2020-02-07T09:35:14.032", "updated_at": "2020-02-07T09:35:14.032", "author": 2, "image": "articles/images/popo_ViOHCAu.jpg", "like_users": [], "hashtags": []}}, {"model": "articles.article", "pk": 9, "fields": {"article": "\uaddc\ud64d\ub2d8 \uc624\ub298 \uace0\ub4f1\ud559\uc0dd\uc774\ub77c\ub294\ub514 \uc2e4\ud654\uc778\uac00\uc694? \ub124 \uc2e4\ud654\uc785\ub2c8\ub2e4.", "created_at": "2020-02-07T09:35:15.504", "updated_at": "2020-02-07T09:35:15.504", "author": 2, "image": "articles/images/popo_KszTU0L.jpg", "like_users": [], "hashtags": []}}, {"model": "articles.article", "pk": 10, "fields": {"article": "\uaddc\ud64d\ub2d8 \uc624\ub298 \uace0\ub4f1\ud559\uc0dd\uc774\ub77c\ub294\ub514 \uc2e4\ud654\uc778\uac00\uc694? \ub124 \uc2e4\ud654\uc785\ub2c8\ub2e4. \uc790\uc99d\ub098\uac8c \ud558\uc9c0\ub9c8\uc694...\u3161\u3161 \uc624\ub298\ubc25 \ubb50\ub098\uc640.....!!!!!???hello guys ~~~ welcome to our place ~~~!!", "created_at": "2020-02-07T09:36:30.435", "updated_at": "2020-02-07T09:36:30.435", "author": 2, "image": "articles/images/popo_efY3Mxe.jpg", "like_users": [], "hashtags": []}}, {"model": "articles.article", "pk": 11, "fields": {"article": "\ud83d\udc7b \ub9c8 ! \ub0b4\uac00 \ub290\uadf8 \uc11c\uc7a5\uc774\ub791 ! \ub9c8 ! \uc0ac\uc6b0\ub098\ub3c4 \uac00\uace0 ! \ubc25\ub3c4 \ubb47\uace0 ! \ub9c8 ! \ub2e4 \ud574! \uc368! \uc790\uc99d\ub098\uac8c \ud558\uc9c0\ub9c8\ub77c\uc870", "created_at": "2020-02-07T09:51:48.794", "updated_at": "2020-02-07T09:51:48.794", "author": 2, "image": "articles/images/popo_Wk2JKaD.jpg", "like_users": [], "hashtags": []}}, {"model": "articles.article", "pk": 12, "fields": {"article": "\ud83d\udc7b \ub9c8 ! \ub0b4\uac00 \ub290\uadf8 \uc11c\uc7a5\uc774\ub791 ! \ub9c8 ! \uc0ac\uc6b0\ub098\ub3c4 \uac00\uace0 ! \ubc25\ub3c4 \ubb47\uace0 ! \ub9c8 ! \ub2e4 \ud574! \uc368! \uc790\uc99d\ub098\uac8c \ud558\uc9c0\ub9c8\ub77c\uc870", "created_at": "2020-02-07T09:52:10.683", "updated_at": "2020-02-07T09:52:10.683", "author": 2, "image": "articles/images/popo_oW5CEkK.jpg", "like_users": [], "hashtags": []}}, {"model": "articles.article", "pk": 13, "fields": {"article": "\ud83d\udc64\ud83d\udc64\ud83d\udc65\ud83d\udc65\ud83d\udc65\ud83d\udc64\ud83d\udc64(\uc218\uad70)\ud83d\udc64\ud83d\udc65\ud83d\udc64\ud83d\udc65\ud83d\udc64\ud83d\udc65(\uc218\uad70\uc218\uad70)\ud83d\udc64\ud83d\udc65 \ud83d\udc65\ud83d\udc64\ud83d\udc65\ud83d\udc65(\ubb50\uc57c \uca4d\ubc8c\uc774\uc57c) \ud83d\udc65\ud83d\udc64\ud83d\udc65\ud83d\udc65\ud83d\udc64\ud83d\udc64(\uc6c5\uc131)\ud83d\udc64\ud83d\udc65 \ud83d\udc65\ud83d\udc64\ud83d\udc65(\ud5d0)\ud83d\udc64\ud83d\udc65\ud83d\udc64\ud83d\udc65\ud83d\udc65\ud83d\udc64(\ubbfc\ud3d0)\ud83d\udc65\ud83d\udc64 \ud83d\udc64\ud83d\udc65\ud83d\udc65\ud83d\udc64\ud83d\udc64(\uc218\uad70)\ud83d\udc64\ud83d\udc65\ud83d\udc64\ud83d\udc65(\uc6c5\uc131\uc6c5\uc131)\ud83d\udc64\ud83d\udc65\ud83d\udc64\ud83d\udc65\ud83d\udc65", "created_at": "2020-02-07T10:06:07.018", "updated_at": "2020-02-07T10:06:07.018", "author": 2, "image": "articles/images/popo_XvYRLPe.jpg", "like_users": [], "hashtags": []}}, {"model": "articles.article", "pk": 14, "fields": {"article": "\ud83d\udc64\ud83d\udc64\ud83d\udc65\ud83d\udc65\ud83d\udc65\ud83d\udc64\ud83d\udc64(\uc218\uad70)\ud83d\udc64\ud83d\udc65\ud83d\udc64\ud83d\udc65\ud83d\udc64\ud83d\udc65(\uc218\uad70\uc218\uad70)\ud83d\udc64\ud83d\udc65 \ud83d\udc65\ud83d\udc64\ud83d\udc65\ud83d\udc65(\ubb50\uc57c \uca4d\ubc8c\uc774\uc57c) \ud83d\udc65\ud83d\udc64\ud83d\udc65\ud83d\udc65\ud83d\udc64\ud83d\udc64(\uc6c5\uc131)\ud83d\udc64\ud83d\udc65 \ud83d\udc65\ud83d\udc64\ud83d\udc65(\ud5d0)\ud83d\udc64\ud83d\udc65\ud83d\udc64\ud83d\udc65\ud83d\udc65\ud83d\udc64(\ubbfc\ud3d0)\ud83d\udc65\ud83d\udc64 \ud83d\udc64\ud83d\udc65\ud83d\udc65\ud83d\udc64\ud83d\udc64(\uc218\uad70)\ud83d\udc64\ud83d\udc65\ud83d\udc64\ud83d\udc65(\uc6c5\uc131\uc6c5\uc131)\ud83d\udc64\ud83d\udc65\ud83d\udc64\ud83d\udc65\ud83d\udc65", "created_at": "2020-02-07T10:06:55.677", "updated_at": "2020-02-07T10:06:55.677", "author": 2, "image": "articles/images/popo_wCPbZ76.jpg", "like_users": [], "hashtags": []}}, {"model": "articles.article", "pk": 15, "fields": {"article": "\ud83d\udc64\ud83d\udc64\ud83d\udc65\ud83d\udc65\ud83d\udc65\ud83d\udc64\ud83d\udc64(\uc218\uad70)\ud83d\udc64\ud83d\udc65\ud83d\udc64\ud83d\udc65\ud83d\udc64\ud83d\udc65(\uc218\uad70\uc218\uad70)\ud83d\udc64\ud83d\udc65 \ud83d\udc65\ud83d\udc64\ud83d\udc65\ud83d\udc65(\ubb50\uc57c \uca4d\ubc8c\uc774\uc57c) \ud83d\udc65\ud83d\udc64\ud83d\udc65\ud83d\udc65\ud83d\udc64\ud83d\udc64(\uc6c5\uc131)\ud83d\udc64\ud83d\udc65 \ud83d\udc65\ud83d\udc64\ud83d\udc65(\ud5d0)\ud83d\udc64\ud83d\udc65\ud83d\udc64\ud83d\udc65\ud83d\udc65\ud83d\udc64(\ubbfc\ud3d0)\ud83d\udc65\ud83d\udc64 \ud83d\udc64\ud83d\udc65\ud83d\udc65\ud83d\udc64\ud83d\udc64(\uc218\uad70)\ud83d\udc64\ud83d\udc65\ud83d\udc64\ud83d\udc65(\uc6c5\uc131\uc6c5\uc131)\ud83d\udc64\ud83d\udc65\ud83d\udc64\ud83d\udc65\ud83d\udc65", "created_at": "2020-02-07T10:07:42.406", "updated_at": "2020-02-07T10:07:42.406", "author": 2, "image": "articles/images/popo_EnnRNrW.jpg", "like_users": [], "hashtags": []}}, {"model": "articles.article", "pk": 16, "fields": {"article": "\ud83d\udc64\ud83d\udc64\ud83d\udc65\ud83d\udc65\ud83d\udc65\ud83d\udc64\ud83d\udc64(\uc218\uad70)\ud83d\udc64\ud83d\udc65\ud83d\udc64\ud83d\udc65\ud83d\udc64\ud83d\udc65( #\uc218\uad70\uc218\uad70 )\ud83d\udc64\ud83d\udc65 \ud83d\udc65\ud83d\udc64\ud83d\udc65\ud83d\udc65(\ubb50\uc57c \uca4d\ubc8c\uc774\uc57c) \ud83d\udc65\ud83d\udc64\ud83d\udc65\ud83d\udc65\ud83d\udc64\ud83d\udc64(\uc6c5\uc131)\ud83d\udc64\ud83d\udc65 \ud83d\udc65\ud83d\udc64\ud83d\udc65(\ud5d0)\ud83d\udc64\ud83d\udc65\ud83d\udc64\ud83d\udc65\ud83d\udc65\ud83d\udc64(\ubbfc\ud3d0)\ud83d\udc65\ud83d\udc64 \ud83d\udc64\ud83d\udc65\ud83d\udc65\ud83d\udc64\ud83d\udc64(\uc218\uad70)\ud83d\udc64\ud83d\udc65\ud83d\udc64\ud83d\udc65(\uc6c5\uc131\uc6c5\uc131)\ud83d\udc64\ud83d\udc65\ud83d\udc64\ud83d\udc65\ud83d\udc65 #\uac10\uc131  #\ub098\uc9d1\uc5d0\uac00\uace0\uc2f6\ub2e4", "created_at": "2020-02-07T10:10:36.940", "updated_at": "2020-02-07T10:10:36.940", "author": 2, "image": "articles/images/popo_zkfSRlC.jpg", "like_users": [], "hashtags": []}}, {"model": "articles.article", "pk": 17, "fields": {"article": "#\uc9d1 \uc5d0 \uac00\uace0\uc2f6\ub2e4... \uc6b0\ub9ac\ud300\uc6d0\ub4e4\uc740 \ub0b4\uac00 \uc774\ub9d0\ud558\uba74 \uc9d1\uc5d0\uac00\ub77c\uace0 \ub9d0\ud558\uaca0\uc9c0..\ud558\uc9c0\ub9cc \ub09c \uac00\uc9c0\uc54a\uc544... #\uaddc\ud64d\ub2d8.. #\ubc14\ubcf4.. #\uc0ac\ud68c\ucd08\ub144\uc0dd #\uc77c\uc0c1 #daily #\uccad\uc8fc #\ub300\uc804 #\uc11c\uc6b8 #\uc88b\uc544\uc694 #\uc9c1\ub529 #\ubc31\uc218", "created_at": "2020-02-07T10:29:05.639", "updated_at": "2020-02-07T10:29:05.639", "author": 2, "image": "articles/images/popo_Nn2uj0W.jpg", "like_users": [], "hashtags": []}}, {"model": "articles.article", "pk": 18, "fields": {"article": "\ub098\ub294 \uc624\ub298 \ub3c8\uc721\ubb50\uc2dc\uae30\ubcf6\uc74c\uc744 \uba39\uae30\ub85c \ud588\u3137r.... \ub0b4 \uc55e\uae38\uc744 \uac00\ub85c\ub9c9\ub294 Hater\ub4e4... \ub2e4 \uc81c\uaef4\ubc84\ub9ac\uaca0\u3147\u3153... \ub09c \ud63c.\ubaa8.\ub178.\ub2c8\uae4c... \ud6c4...^^ \ud56d\uc0c1 \uc6c3\ub294\uc5bc\uad74 \uac00\uba74\uc744 \uc4f0\uace0 \uc788\uc9c0\ub9cc... \uc0ac\ub78c\ub4e4\uc740 \ubaa8\ub97c\uac70\uc57c.... \uc18d\uc73c\ub85c\ub294 \uc6b8\uace0 \uc788 \ub2e4 \ub294 \uac78... \u2606 \ubcc4\ub2d8\ub4e4\uc544.... \uc9c0\ucf1c\ubd10\uc918... !", "created_at": "2020-02-07T10:32:35.945", "updated_at": "2020-02-07T10:32:35.945", "author": 2, "image": "articles/images/popo_7wAhjI9.jpg", "like_users": [], "hashtags": []}}, {"model": "articles.article", "pk": 19, "fields": {"article": "\ub098\ub294 \uc624\ub298 \ub3c8\uc721\ubb50\uc2dc\uae30\ubcf6\uc74c\uc744 \uba39\uae30\ub85c \ud588\u3137r.... \ub0b4 \uc55e\uae38\uc744 \uac00\ub85c\ub9c9\ub294 Hater\ub4e4... \ub2e4 \uc81c\uaef4\ubc84\ub9ac\uaca0\u3147\u3153... \ub09c \ud63c.\ubaa8.\ub178.\ub2c8\uae4c... \ud6c4...^^ \ud56d\uc0c1 \uc6c3\ub294\uc5bc\uad74 \uac00\uba74\uc744 \uc4f0\uace0 \uc788\uc9c0\ub9cc... \uc0ac\ub78c\ub4e4\uc740 \ubaa8\ub97c\uac70\uc57c.... \uc18d\uc73c\ub85c\ub294 \uc6b8\uace0 \uc788 \ub2e4 \ub294 \uac78... \u2606 \ubcc4\ub2d8\ub4e4\uc544.... \uc9c0\ucf1c\ubd10\uc918... !", "created_at": "2020-02-07T10:32:37.410", "updated_at": "2020-02-07T10:32:37.410", "author": 2, "image": "articles/images/popo_CDQJhvR.jpg", "like_users": [], "hashtags": []}}, {"model": "articles.article", "pk": 20, "fields": {"article": "Eldyd \ub760\uc6a9 ??? !", "created_at": "2020-02-07T10:36:13.101", "updated_at": "2020-02-07T10:36:13.101", "author": 2, "image": "articles/images/wil-stewart-T26KCgCPsCI-unsplash.jpg", "like_users": [], "hashtags": []}}, {"model": "articles.article", "pk": 21, "fields": {"article": "\uce58\ud0a4\ucc28\uce74 \ucd08\ucf54\ucd08", "created_at": "2020-02-07T11:48:48.092", "updated_at": "2020-02-07T11:48:48.092", "author": 3, "image": "articles/images/popo_7fGHeWr.jpg", "like_users": [], "hashtags": []}}, {"model": "articles.article", "pk": 22, "fields": {"article": "\u3134\u3134", "created_at": "2020-02-07T13:37:42.564", "updated_at": "2020-02-07T13:37:42.564", "author": 3, "image": "articles/images/popo_Ligl9BE.jpg", "like_users": [], "hashtags": []}}, {"model": "articles.article", "pk": 23, "fields": {"article": "\uc6b0\ub9ac\ud300 \uc774\uc058\uac8c \ubd10\uc8fc\uc138\uc694 ~~!!!!", "created_at": "2020-02-07T13:45:00.351", "updated_at": "2020-02-07T13:45:00.351", "author": 2, "image": "articles/images/popo_zOcsj80.jpg", "like_users": [], "hashtags": []}}, {"model": "articles.article", "pk": 24, "fields": {"article": "\uc6b0\ub9ac\ud300 \uc774\uc058\uac8c \ubd10\uc8fc\uc138\uc694 ~~!!!!", "created_at": "2020-02-07T13:45:18.735", "updated_at": "2020-02-07T13:45:18.735", "author": 2, "image": "articles/images/popo_MdXqYPf.jpg", "like_users": [], "hashtags": []}}, {"model": "articles.article", "pk": 25, "fields": {"article": "\uc6b0\ub9ac\ud300 \uc774\uc058\uac8c \ubd10\uc8fc\uc138\uc694 ~~!!!!", "created_at": "2020-02-07T13:46:52.008", "updated_at": "2020-02-07T13:46:52.008", "author": 2, "image": "articles/images/popo_vnJNxNN.jpg", "like_users": [], "hashtags": []}}, {"model": "articles.article", "pk": 26, "fields": {"article": "\uc6b0\ub9ac\ud300 \uc774\uc058\uac8c \ubd10\uc8fc\uc138\uc694 ~~!!!!", "created_at": "2020-02-07T13:47:12.964", "updated_at": "2020-02-07T13:47:12.964", "author": 2, "image": "articles/images/popo_GM5loRv.jpg", "like_users": [], "hashtags": []}}, {"model": "articles.article", "pk": 27, "fields": {"article": "\uc6b0\ub9ac\ud300 \uc774\uc058\uac8c \ubd10\uc8fc\uc138\uc694 ~~!!!!", "created_at": "2020-02-07T13:48:02.781", "updated_at": "2020-02-07T13:48:02.781", "author": 2, "image": "articles/images/popo_fHhBNpx.jpg", "like_users": [], "hashtags": []}}, {"model": "articles.article", "pk": 28, "fields": {"article": "\uc6b0\ub9ac\ud300 \uc774\uc058\uac8c \ubd10\uc8fc\uc138\uc694 ~~!!!!", "created_at": "2020-02-07T13:48:12.760", "updated_at": "2020-02-07T13:48:12.760", "author": 2, "image": "articles/images/popo_aH0ZeVw.jpg", "like_users": [], "hashtags": []}}, {"model": "articles.article", "pk": 29, "fields": {"article": "\uc6b0\ub9ac\ud300 \uc774\uc058\uac8c \ubd10\uc8fc\uc138\uc694 ~~!!!!", "created_at": "2020-02-07T13:48:46.419", "updated_at": "2020-02-07T13:48:46.419", "author": 2, "image": "articles/images/popo_T6auy2l.jpg", "like_users": [], "hashtags": []}}, {"model": "articles.article", "pk": 30, "fields": {"article": "\uc6b0\ub9ac\ud300 \uc774\uc058\uac8c \ubd10\uc8fc\uc138\uc694 ~~!!!!", "created_at": "2020-02-07T13:51:18.534", "updated_at": "2020-02-07T13:51:18.534", "author": 2, "image": "articles/images/popo_qPXs33j.jpg", "like_users": [], "hashtags": [19, 22, 23]}}, {"model": "articles.article", "pk": 31, "fields": {"article": "zz", "created_at": "2020-02-07T13:52:34.493", "updated_at": "2020-02-07T13:52:34.493", "author": 2, "image": "articles/images/\ud3ec\ud3ec_xB0aG65.jpg", "like_users": [], "hashtags": [19, 24]}}, {"model": "articles.article", "pk": 32, "fields": {"article": "zz", "created_at": "2020-02-07T13:52:43.367", "updated_at": "2020-02-07T13:52:43.368", "author": 2, "image": "articles/images/\ud3ec\ud3ec_aLiSk7Q.jpg", "like_users": [], "hashtags": [19, 24]}}, {"model": "articles.article", "pk": 33, "fields": {"article": "\ud79d... \uac11\uc790\uae30 \ud30c\uc77c\uc774 \ubc14\uaef4\ubc84\ub9ac\ub294 \uc0ac.\uace0. \uac00 \ubc1c\uc0dd\ud574 \ubc84\ub838\ub2e4 ....???! \uacfc\uc5f0 \uc6b0\ub9ac\ud300\uc758 ..... \uc6b4\uba85 (Destiny-\u2606)\uc740???", "created_at": "2020-02-07T15:41:04.327", "updated_at": "2020-02-07T15:41:04.327", "author": 1, "image": "articles/images/popo_3xrCmfT.jpg", "like_users": [], "hashtags": [19, 25]}}, {"model": "articles.article", "pk": 34, "fields": {"article": "gl\ud79d. .... \u3160\u3160\u3160\u3160\u3160 \uc5c9\uc5c9 \uc5c9 \uc5c9\u3147", "created_at": "2020-02-07T16:56:13.113", "updated_at": "2020-02-07T16:56:13.113", "author": 2, "image": "articles/images/popo_sGA5kHu.jpg", "like_users": [], "hashtags": [19, 26]}}, {"model": "articles.article", "pk": 35, "fields": {"article": "omg... \uc65c \uc0ac\uc9c4\uc774 \uc54a\ud640\ub77c\uac00 ?", "created_at": "2020-02-07T17:54:32.722", "updated_at": "2020-02-07T17:54:32.722", "author": 2, "image": "articles/images/792F9A32-E7F9-4B48-A709-5364172FB65E.jpeg", "like_users": [], "hashtags": [19, 27]}}, {"model": "articles.article", "pk": 36, "fields": {"article": "omg... \uc65c \uc0ac\uc9c4\uc774 \uc54a\ud640\ub77c\uac00 ?", "created_at": "2020-02-07T17:54:43.115", "updated_at": "2020-02-07T17:54:43.115", "author": 2, "image": "articles/images/79AC4918-56EA-4CF7-A1B0-2CF5FE659E9D.jpeg", "like_users": [], "hashtags": [19, 27]}}, {"model": "articles.article", "pk": 37, "fields": {"article": "\uc6b0\uc120\uc740 \ubc84\ud2bc\uc740 \uc624\ub978\ucabd\uc73c\ub85c \ubcf4\ub0c8\uc9c0", "created_at": "2020-02-10T09:32:17.208", "updated_at": "2020-02-10T09:32:17.208", "author": 2, "image": "articles/images/Image_from_iOS.jpg", "like_users": [], "hashtags": [19, 28]}}, {"model": "articles.article", "pk": 38, "fields": {"article": "\ud558\uc774\ud558\uc774", "created_at": "2020-02-10T13:38:40.458", "updated_at": "2020-02-10T13:38:40.458", "author": 2, "image": "articles/images/Image_from_iOS_BsAtFwC.jpg", "like_users": [], "hashtags": [19, 29]}}, {"model": "articles.article", "pk": 39, "fields": {"article": "\ub124 ! \ub760\uc6a9 ~~~ !!! \uc624\ub298 \ubcf4\ucda9\ud558\uae30 \ub118 \ub098 \uc2dc\ub8ec \ub0a0 @@@,,,,.\uc26c\uc774 \ud384pearl,,\u314b", "created_at": "2020-02-10T15:48:11.114", "updated_at": "2020-02-10T15:48:11.114", "author": 2, "image": "articles/images/2.JPG", "like_users": [], "hashtags": [19, 30, 31, 32]}}, {"model": "articles.comment", "pk": 1, "fields": {"article": 33, "author": 1, "comment": "\ud64d\uc8fc\uc528 \ubc14\ubcf4 \uba4d\uccad\uc774", "created_at": "2020-02-10T11:24:22.970", "updated_at": "2020-02-10T11:24:22.970"}}, {"model": "articles.comment", "pk": 2, "fields": {"article": 33, "author": 2, "comment": "\ud64d\uc8fc\uc528 \uba4d\uccad\uc774 \ubc14\ubcf4", "created_at": "2020-02-10T11:24:40.218", "updated_at": "2020-02-10T11:24:40.218"}}, {"model": "articles.comment", "pk": 3, "fields": {"article": 33, "author": 3, "comment": "\ubc14\ubcf4 \ud64d\uc8fc\uc528 \uba4d\uccad\uc774", "created_at": "2020-02-10T11:24:51.683", "updated_at": "2020-02-10T11:24:51.683"}}, {"model": "articles.comment", "pk": 4, "fields": {"article": 33, "author": 3, "comment": "\ud64d\uc8fc\uc528 \ub611\ubc14\ub85c \ud574\uc694", "created_at": "2020-02-10T12:01:09.598", "updated_at": "2020-02-10T12:01:09.598"}}, {"model": "articles.comment", "pk": 5, "fields": {"article": 33, "author": 3, "comment": "\ud64d\uad6d\uc744 \ucc10 \uc300\uc5d0 \ubc30\uc591(\u57f9\u990a)\ud558\uc5ec \ub9cc\ub4e0 \ud64d\uace1\uc73c\ub85c \ub2f4\uadfc \uc220. \uc0c9\uae54\uc774 \ud64d\uc0c9\uc784. \uc18c\uc8fc\uace0\ub9ac\uc5d0\uc11c \ub0b4\ub9b0 \uc220\uc744 \uc9c0\ucd08\ubfcc\ub9ac\ub97c \ud1b5\uacfc(\u901a\u904e)\uc2dc\ucf1c \ubd89\uc740\ube5b\uacfc \ub3c5\ud2b9(\u7368\u7279)\ud55c \ud5a5\uae30(\u9999\u6c23)\ub97c \ub0b8 \uc9c4\ub3c4 \ud2b9\uc0b0(\u7279\u7523)\uc758 \uc18c\uc8fc(\u71d2\u9152)", "created_at": "2020-02-10T13:51:39.449", "updated_at": "2020-02-10T13:51:39.449"}}, {"model": "articles.comment", "pk": 6, "fields": {"article": 33, "author": 1, "comment": "\uc6b0\ub9ac\ud300 \ub3fc\uc9c0\ud30c\ud2f0\ubaa8\uc784 \ub098\ub294 \uc774\ubca0\ub9ac\ucf54\ud560\ub798\uc694 ~~~!!! \ud654\ub0b4\uc9c0\ub9c8 \ub3fc\uc9c0\ub4e4\uc544", "created_at": "2020-02-10T15:18:46.368", "updated_at": "2020-02-10T15:18:46.385"}}, {"model": "articles.comment", "pk": 7, "fields": {"article": 33, "author": 2, "comment": "\uc57c\uc639\uc57c\uc639 ~~~~~", "created_at": "2020-02-10T15:19:47.445", "updated_at": "2020-02-10T15:19:47.452"}}, {"model": "articles.comment", "pk": 8, "fields": {"article": 33, "author": 2, "comment": "\ud83e\udd2e <-\uc774\uac70 \uaddc\ud64d\ub2d8.", "created_at": "2020-02-10T15:20:15.155", "updated_at": "2020-02-10T15:20:15.161"}}, {"model": "articles.comment", "pk": 9, "fields": {"article": 33, "author": 1, "comment": "\ud64d\uc8fc\uc528 \ud639\uc2dc \ub313\uae00 \uc368\ubcfc \uc0dd\uac01\uc788\uc5b4\uc694 ? : \uc544\ub2c8\uc624", "created_at": "2020-02-10T15:23:17.992", "updated_at": "2020-02-10T15:23:17.998"}}, {"model": "articles.comment", "pk": 10, "fields": {"article": 33, "author": 1, "comment": "\uc624\ud0a4\uc624\ud0a4", "created_at": "2020-02-10T15:30:50.757", "updated_at": "2020-02-10T15:30:50.772"}}, {"model": "articles.comment", "pk": 11, "fields": {"article": 13, "author": 3, "comment": "\ubc14\ubcf4\ub450\ub77c ~~~!", "created_at": "2020-02-10T15:34:06.023", "updated_at": "2020-02-10T15:34:06.029"}}, {"model": "articles.comment", "pk": 12, "fields": {"article": 13, "author": 3, "comment": "\ub77c\uba74 \ub545 \uaddc\ud64d\ub2d8 \ud639\uc2dc \uce68\ubc49\uae30 ???!", "created_at": "2020-02-10T15:34:22.304", "updated_at": "2020-02-10T15:34:22.317"}}, {"model": "articles.comment", "pk": 13, "fields": {"article": 39, "author": 4, "comment": "\ud558\uc9c0\ub9cc \uc5b4\uc81c \ubcf4\ucda9\ud568 \u314b\u314b \u3160\u3160\u3160\u3160", "created_at": "2020-02-11T09:38:08.648", "updated_at": "2020-02-11T09:38:08.651"}}, {"model": "articles.comment", "pk": 14, "fields": {"article": 39, "author": 4, "comment": "\uc774\uc624\uc789", "created_at": "2020-02-11T09:43:59.577", "updated_at": "2020-02-11T09:43:59.581"}}, {"model": "articles.comment", "pk": 15, "fields": {"article": 39, "author": 4, "comment": "\uc65c \uccab\ubc88\uc9f8\uaec0 \uc548\ub5a0\uc5ec ??", "created_at": "2020-02-11T09:45:55.691", "updated_at": "2020-02-11T09:45:55.694"}}, {"model": "articles.comment", "pk": 16, "fields": {"article": 13, "author": 4, "comment": "\ud79d\u314e\u3147 ..", "created_at": "2020-02-11T09:47:58.153", "updated_at": "2020-02-11T09:47:58.156"}}, {"model": "admin.logentry", "pk": 1, "fields": {"action_time": "2020-02-06T11:20:59.909", "user": 1, "content_type": 4, "object_id": "2", "object_repr": "test@ssafy.com", "action_flag": 1, "change_message": "[{\"added\": {}}]"}}, {"model": "admin.logentry", "pk": 2, "fields": {"action_time": "2020-02-06T11:21:18.403", "user": 1, "content_type": 4, "object_id": "3", "object_repr": "testing@ssafy.com", "action_flag": 1, "change_message": "[{\"added\": {}}]"}}, {"model": "admin.logentry", "pk": 3, "fields": {"action_time": "2020-02-06T11:47:52.336", "user": 1, "content_type": 4, "object_id": "3", "object_repr": "testing@ssafy.com", "action_flag": 2, "change_message": "[{\"changed\": {\"fields\": [\"Pic name\"]}}]"}}, {"model": "admin.logentry", "pk": 4, "fields": {"action_time": "2020-02-06T11:54:34.513", "user": 1, "content_type": 4, "object_id": "2", "object_repr": "test@ssafy.com", "action_flag": 2, "change_message": "[{\"changed\": {\"fields\": [\"Pic name\"]}}]"}}, {"model": "admin.logentry", "pk": 5, "fields": {"action_time": "2020-02-06T12:06:24.151", "user": 1, "content_type": 4, "object_id": "1", "object_repr": "admin@ssafy.com", "action_flag": 2, "change_message": "[{\"changed\": {\"fields\": [\"Nickname\"]}}]"}}, {"model": "admin.logentry", "pk": 6, "fields": {"action_time": "2020-02-06T12:06:44.112", "user": 1, "content_type": 4, "object_id": "1", "object_repr": "admin@ssafy.com", "action_flag": 2, "change_message": "[{\"changed\": {\"fields\": [\"Pic name\"]}}]"}}, {"model": "admin.logentry", "pk": 7, "fields": {"action_time": "2020-02-06T15:01:18.413", "user": 1, "content_type": 4, "object_id": "2", "object_repr": "test@ssafy.com", "action_flag": 2, "change_message": "[{\"changed\": {\"fields\": [\"Followers\"]}}]"}}, {"model": "admin.logentry", "pk": 8, "fields": {"action_time": "2020-02-10T09:49:15.887", "user": 1, "content_type": 4, "object_id": "3", "object_repr": "testing@ssafy.com", "action_flag": 2, "change_message": "[{\"changed\": {\"fields\": [\"Followers\"]}}]"}}, {"model": "admin.logentry", "pk": 9, "fields": {"action_time": "2020-02-10T11:24:22.972", "user": 1, "content_type": 9, "object_id": "1", "object_repr": "\ud64d\uc8fc\uc528 \ubc14\ubcf4 \uba4d\uccad\uc774", "action_flag": 1, "change_message": "[{\"added\": {}}]"}}, {"model": "admin.logentry", "pk": 10, "fields": {"action_time": "2020-02-10T11:24:40.219", "user": 1, "content_type": 9, "object_id": "2", "object_repr": "\ud64d\uc8fc\uc528 \uba4d\uccad\uc774 \ubc14\ubcf4", "action_flag": 1, "change_message": "[{\"added\": {}}]"}}, {"model": "admin.logentry", "pk": 11, "fields": {"action_time": "2020-02-10T11:24:51.684", "user": 1, "content_type": 9, "object_id": "3", "object_repr": "\ubc14\ubcf4 \ud64d\uc8fc\uc528 \uba4d\uccad\uc774", "action_flag": 1, "change_message": "[{\"added\": {}}]"}}, {"model": "admin.logentry", "pk": 12, "fields": {"action_time": "2020-02-10T12:01:09.599", "user": 1, "content_type": 9, "object_id": "4", "object_repr": "\ud64d\uc8fc\uc528 \ub611\ubc14\ub85c \ud574\uc694", "action_flag": 1, "change_message": "[{\"added\": {}}]"}}, {"model": "admin.logentry", "pk": 13, "fields": {"action_time": "2020-02-10T13:51:39.450", "user": 1, "content_type": 9, "object_id": "5", "object_repr": "\ud64d\uad6d\uc744 \ucc10 \uc300\uc5d0 \ubc30\uc591(\u57f9\u990a)\ud558\uc5ec \ub9cc\ub4e0 \ud64d\uace1\uc73c\ub85c \ub2f4\uadfc \uc220. \uc0c9\uae54\uc774 \ud64d\uc0c9\uc784. \uc18c\uc8fc\uace0\ub9ac\uc5d0\uc11c \ub0b4\ub9b0 \uc220\uc744 \uc9c0\ucd08\ubfcc\ub9ac\ub97c \ud1b5\uacfc(\u901a\u904e)\uc2dc\ucf1c \ubd89\uc740\ube5b\uacfc \ub3c5\ud2b9(\u7368\u7279)\ud55c \ud5a5\uae30(\u9999\u6c23)\ub97c \ub0b8 \uc9c4\ub3c4 \ud2b9\uc0b0(\u7279\u7523)\uc758 \uc18c\uc8fc(\u71d2\u9152)", "action_flag": 1, "change_message": "[{\"added\": {}}]"}}]